url,median_ms,status,runs_seconds
/,0.00,PASS,0.000000999,0.000000999,0.000000999,0.000000999,0.000000999
